<?xml version="1.0" encoding="UTF-8"?>
<project-private xmlns="http://www.netbeans.org/ns/project-private/1">
    <editor-bookmarks xmlns="http://www.netbeans.org/ns/editor-bookmarks/2" lastBookmarkId="0"/>
    <open-files xmlns="http://www.netbeans.org/ns/projectui-open-files/2">
        <group>
            <file>file:/D:/Darren/Documents/NetBeansProjects/VendingMachine/src/vendingmachine/ReportSales.java</file>
            <file>file:/D:/Darren/Documents/NetBeansProjects/VendingMachine/src/vendingmachine/Reports.java</file>
            <file>file:/D:/Darren/Documents/NetBeansProjects/VendingMachine/src/vendingmachine/Register.java</file>
            <file>file:/D:/Darren/Documents/NetBeansProjects/VendingMachine/src/vendingmachine/login_form.java</file>
            <file>file:/D:/Darren/Documents/NetBeansProjects/VendingMachine/src/vendingmachine/vieworders.java</file>
            <file>file:/D:/Darren/Documents/NetBeansProjects/VendingMachine/src/vendingmachine/customer_purchase.java</file>
            <file>file:/D:/Darren/Documents/NetBeansProjects/VendingMachine/src/vendingmachine/splash.java</file>
            <file>file:/D:/Darren/Documents/NetBeansProjects/VendingMachine/src/vendingmachine/ReportAmount.java</file>
            <file>file:/D:/Darren/Documents/NetBeansProjects/VendingMachine/src/vendingmachine/user_selection.java</file>
            <file>file:/D:/Darren/Documents/NetBeansProjects/VendingMachine/src/vendingmachine/ViewDrinks.java</file>
            <file>file:/D:/Darren/Documents/NetBeansProjects/VendingMachine/src/vendingmachine/AdminPage.java</file>
        </group>
    </open-files>
</project-private>
